subject,interests_responses
2417,animals
2417,jewlery
18952,plants
18952,flowers
21466,animals
21466,plants
24628,DIY
24628,Gardening
24628,Current events
24628,News
24628,Politics
24628,True crime
33324,guides to gaming
45042,plants
45712,animals
45712,plants
45712,clothes
45712,fashion
47362,ln
47362,lm
50986,test
56824,plants
66985,dfv
66985,sb
66985,sdf
67768,plants
67768,fashion
67768,animals
82201,test1
82201,Test2
82201,Test3
92156,video games
92156,baseball
92156,news
92156,fantasy sports
92156,shows
92156,movies
92156,music
92156,stories
92156,random stories
