subject,subreddit_responses
2417,r/animals
2417,r/jewlery
18952,animals
18952,plants
18952,flowers
20300,animals
20300,fashion
21466,r/animals
21466,r/plants
21466,r/jewlery
24628,Gardening
24628,True crime
24628,House plants
24628,Maine
33324,gaming information
45042,animals
45042,plants
45042,furniture
45712,animals
45712,fashion
45712,jewlery
45712,plants
45712,gardening
45712,flowers
47362,lkn
47362,lnjk
50986,test
56824,fashion
56824,plants
66985,asdf
66985,asdf
66985,sdf
67768,animals
67768,plants
82201,test1
82201,test2
82201,test3
92156,OOTP
92156,Dota2
92156,baseball
92156,fantasybaseball
92156,alignmentcharts
92156,firsttimehomebuyer
92156,hearthstone
92156,pokemon
92156,pokemonradicalred
92156,cardinals
92156,foodnetwork
92156,fednews
92156,nostupidquestions
92156,iasip
92156,sitcoms
92156,maine
92156,theoffice
